id,link_post,link_perfil,texto,prioridade,origem,criado_em,rotulo,conta_parece_bot,observacao,uri
68,https://bsky.app/profile/did:plc:3hnn6q64gwpu6e2dtgagigq5/post/3mx5oqb7ass2x,https://bsky.app/profile/did:plc:3hnn6q64gwpu6e2dtgagigq5,Perder uma eleição é normal numa democracia. ​A alternância de poder é um dos pilares desse sistema que chamamos democracia. O problema é perder a democracia numa eleição. Esse é o risco que estamos correndo no Brasil.,0.000,jetstream,2026-10-05 19:49:01.398+00,,,,at://did:plc:3hnn6q64gwpu6e2dtgagigq5/app.bsky.feed.post/3mx5oqb7ass2x
69,https://bsky.app/profile/did:plc:ynlkrvcus254uwaguq6yz55r/post/3mx53qztda22c,https://bsky.app/profile/did:plc:ynlkrvcus254uwaguq6yz55r,"Se você: é mulher, pertence a classe trabalhadora, tem uma família, tem filhos, é LGBTQIA+, é profissional de saúde, é profissional da educação, depende do ensino público, se graduou numa universidade pública, depende do SUS, é a favor da dignidade humana,",0.549,search,2026-10-05 14:09:26.133+00,,,,at://did:plc:ynlkrvcus254uwaguq6yz55r/app.bsky.feed.post/3mx53qztda22c
70,https://bsky.app/profile/did:plc:2tzhtosg4r3vtknxectnhode/post/3mx33srmxls2k,https://bsky.app/profile/did:plc:2tzhtosg4r3vtknxectnhode,"MANCHETE DO UOL.  ""TSE não encontrou indício de interferência internacional nas eleições, diz Kassio"".  Uma pergunta singela. E pagamento de rapariga, encontrou?",3.392,search,2026-10-04 19:05:05.171+00,,,,at://did:plc:2tzhtosg4r3vtknxectnhode/app.bsky.feed.post/3mx33srmxls2k
71,https://bsky.app/profile/did:plc:gpunjjgvlyb4racypz3yfiq4/post/3mx3hd5com22e,https://bsky.app/profile/did:plc:gpunjjgvlyb4racypz3yfiq4,"Moro na iminência de levar o governo do Paraná no 1° turno, com o dobro do 2° colocado",2.138,search,2026-10-04 22:31:05.449+00,,,,at://did:plc:gpunjjgvlyb4racypz3yfiq4/app.bsky.feed.post/3mx3hd5com22e
72,https://bsky.app/profile/did:plc:xn5cja2cotnc5niqdamxayki/post/3mx4qzqa6cc2r,https://bsky.app/profile/did:plc:xn5cja2cotnc5niqdamxayki,Quase metade do país votou num candidato que NINGUÉM sabe qual o seu projeto para o país: 💬 “Qual o projeto que o Flavio tem para o país? A gente não sabe.”,2.842,search,2026-10-05 10:57:26.895+00,,,,at://did:plc:xn5cja2cotnc5niqdamxayki/app.bsky.feed.post/3mx4qzqa6cc2r
73,https://bsky.app/profile/did:plc:xyjb3xu4yttrxjij7mo5jwpe/post/3mx3kuwtkgk2w,https://bsky.app/profile/did:plc:xyjb3xu4yttrxjij7mo5jwpe,Eles não precisam sequer apresentar projeto de governo.,1.589,search,2026-10-04 23:34:43.867+00,,,,at://did:plc:xyjb3xu4yttrxjij7mo5jwpe/app.bsky.feed.post/3mx3kuwtkgk2w
74,https://bsky.app/profile/did:plc:rcvakhybyswwo4tmejgxnlqm/post/3mx3s3cdaok22,https://bsky.app/profile/did:plc:rcvakhybyswwo4tmejgxnlqm,"Cara, pra certas coisas eu sou bem pé quente. Dificilmente um voto meu para deputado ou vereador se perdeu. Parabéns Rick, você é meu representante agora, vamos junto.",0.549,search,2026-10-05 01:43:33.434+00,,,,at://did:plc:rcvakhybyswwo4tmejgxnlqm/app.bsky.feed.post/3mx3s3cdaok22
75,https://bsky.app/profile/did:plc:ahjajhrlfnhn5vspu4owmnxo/post/3mx476tdzc22n,https://bsky.app/profile/did:plc:ahjajhrlfnhn5vspu4owmnxo,"Uma boa notícia: Missão, partido do MBL, foi pior q eles esperavam. Queriam eleger 8 deputados federais, mas elegeram apenas um (Kim Kataguiri). E apenas um estadual, tb por SP. O partido de extrema-direita não vai passar da cláusula de barreira.",2.377,search,2026-10-05 05:38:10.593+00,,,,at://did:plc:ahjajhrlfnhn5vspu4owmnxo/app.bsky.feed.post/3mx476tdzc22n
76,https://bsky.app/profile/did:plc:3ktnj24h7dtbophgpfqhxntw/post/3mx33xxe7p22m,https://bsky.app/profile/did:plc:3ktnj24h7dtbophgpfqhxntw,gente alulei meu voto pra presidente,1.354,search,2026-10-04 19:07:58.948+00,,,,at://did:plc:3ktnj24h7dtbophgpfqhxntw/app.bsky.feed.post/3mx33xxe7p22m
77,https://bsky.app/profile/did:plc:u37kv35ytc2rvdvwndy2uh7b/post/3mx4ttbcp4k2a,https://bsky.app/profile/did:plc:u37kv35ytc2rvdvwndy2uh7b,"Eu não estou aguentando post cirandeiro no IG ""ei, vc não votou em Lula? Vamos conversar pro 2o turno"". Tudo que eu mais quero é perder tempo de vida argumentando que, entre um candidato que realiza políticas públicas e o Adolfinho Bigode, o candidato talvez seja o melhor",0.896,search,2026-10-05 11:47:31.15+00,,,,at://did:plc:u37kv35ytc2rvdvwndy2uh7b/app.bsky.feed.post/3mx4ttbcp4k2a
78,https://bsky.app/profile/did:plc:bdkdykjox52hsaegdkaqx7wv/post/3mx3lmtpso22c,https://bsky.app/profile/did:plc:bdkdykjox52hsaegdkaqx7wv,"vai ser exatamente assim. e isso independente do resultado pra presidente, diante do desastre q tivemos no congresso.",2.079,search,2026-10-04 23:48:05.905+00,,,,at://did:plc:bdkdykjox52hsaegdkaqx7wv/app.bsky.feed.post/3mx3lmtpso22c
79,https://bsky.app/profile/did:plc:ffu3nvsz273uxaiey7jvqal3/post/3mx3qca6suc27,https://bsky.app/profile/did:plc:ffu3nvsz273uxaiey7jvqal3,Pro prefeito?,1.151,search,2026-10-05 01:11:38.589+00,,,,at://did:plc:ffu3nvsz273uxaiey7jvqal3/app.bsky.feed.post/3mx3qca6suc27
80,https://bsky.app/profile/did:plc:g6r3x2qbvhbxtxcds4zj43sq/post/3mx54236pz22j,https://bsky.app/profile/did:plc:g6r3x2qbvhbxtxcds4zj43sq,Preciso de carinho e atos de violência de natureza política,0.805,search,2026-10-05 14:14:29.538+00,,,,at://did:plc:g6r3x2qbvhbxtxcds4zj43sq/app.bsky.feed.post/3mx54236pz22j
81,https://bsky.app/profile/did:plc:ekvcb2l4lw6nypwrftdhq4ui/post/3mx35hwcyi223,https://bsky.app/profile/did:plc:ekvcb2l4lw6nypwrftdhq4ui,Eu não aguento mais participar de eleições históricas...,2.110,search,2026-10-04 19:34:48.455+00,,,,at://did:plc:ekvcb2l4lw6nypwrftdhq4ui/app.bsky.feed.post/3mx35hwcyi223
82,https://bsky.app/profile/did:plc:fjye6cgixsgbtfa3pfbaeuko/post/3mx3dk2yzh22f,https://bsky.app/profile/did:plc:fjye6cgixsgbtfa3pfbaeuko,ainda não consigo aceitar que tem gente votando em candidato acusado de pedofilia e candidato que entrega medalha de honra a assassino de aluguel na cadeia,1.629,search,2026-10-04 21:23:22.948+00,,,,at://did:plc:fjye6cgixsgbtfa3pfbaeuko/app.bsky.feed.post/3mx3dk2yzh22f
83,https://bsky.app/profile/did:plc:g2hqseva7wwpkmmhwbe4nqcg/post/3mx3sxsmgd22j,https://bsky.app/profile/did:plc:g2hqseva7wwpkmmhwbe4nqcg,"Falamos muito sobre renovação da esquerda, ela pode estar acontecendo a despeito dos próprios partidos, abrindo espaços com pouco financiamento, mas dialogando com as necessidades da população.",1.701,search,2026-10-05 01:59:30.037+00,,,,at://did:plc:g2hqseva7wwpkmmhwbe4nqcg/app.bsky.feed.post/3mx3sxsmgd22j
84,https://bsky.app/profile/did:plc:qnivaiup4dzo7ypsylppga4n/post/3mx3q6ak5us2h,https://bsky.app/profile/did:plc:qnivaiup4dzo7ypsylppga4n,Vai rolar impeachment de ministro STF Xandão se prepare,1.099,search,2026-10-05 01:09:24.744+00,,,,at://did:plc:qnivaiup4dzo7ypsylppga4n/app.bsky.feed.post/3mx3q6ak5us2h
85,https://bsky.app/profile/did:plc:zx7a3juxqxhjsnycuzw2w3mg/post/3mx5axo6kes2h,https://bsky.app/profile/did:plc:zx7a3juxqxhjsnycuzw2w3mg,"então, agora todo mundo acredita na urna eletrônica? que coisa né",0.693,search,2026-10-05 15:42:37.512+00,,,,at://did:plc:zx7a3juxqxhjsnycuzw2w3mg/app.bsky.feed.post/3mx5axo6kes2h
86,https://bsky.app/profile/did:plc:dk644jtqur3mvxphdwuawi25/post/3mx4qu7frws2x,https://bsky.app/profile/did:plc:dk644jtqur3mvxphdwuawi25,"Renato Freitas Deputado Federal: ""Vai ter um de nós em Brasília! Mais de 115 mil obrigados""",2.426,search,2026-10-05 10:54:21.488+00,,,,at://did:plc:dk644jtqur3mvxphdwuawi25/app.bsky.feed.post/3mx4qu7frws2x
87,https://bsky.app/profile/did:plc:wiqmvbuhcqbimswko3oeqeom/post/3mx37zc3dhc2u,https://bsky.app/profile/did:plc:wiqmvbuhcqbimswko3oeqeom,O presidente do TRE RJ precisa ser questionado pelo CNJ,1.892,search,2026-10-04 20:20:18.709+00,,,,at://did:plc:wiqmvbuhcqbimswko3oeqeom/app.bsky.feed.post/3mx37zc3dhc2u
88,https://bsky.app/profile/did:plc:u4peo4i4f6ksc3bwusdp3o7t/post/3mx3ncev5uk2j,https://bsky.app/profile/did:plc:u4peo4i4f6ksc3bwusdp3o7t,"O Brasil tá acabando...simples assim. Com um apertar de uma tecla numa urna eletrônica, o brasileiro desfaz de seus próprio país, de suas políticas públicas, de sua Soberania, de sua História, da República.  Vota no extr3m1sm0. Ousa olhar ame4ç4s claras de outro país como se fosse brincadeira.",1.151,search,2026-10-05 00:18:02.289+00,,,,at://did:plc:u4peo4i4f6ksc3bwusdp3o7t/app.bsky.feed.post/3mx3ncev5uk2j
89,https://bsky.app/profile/did:plc:kzkl2onyewbs7pehh2ellzcb/post/3mx5ogri25h2e,https://bsky.app/profile/did:plc:kzkl2onyewbs7pehh2ellzcb,União Brasil e Progressistas elegem maior número de deputados na Paraíba nas Eleições 2026,0.000,jetstream,2026-10-05 19:43:39.925862+00,,,,at://did:plc:kzkl2onyewbs7pehh2ellzcb/app.bsky.feed.post/3mx5ogri25h2e
90,https://bsky.app/profile/did:plc:4hnjwmgde4ostuwzv4vg77xh/post/3mx44gg4tcs2g,https://bsky.app/profile/did:plc:4hnjwmgde4ostuwzv4vg77xh,os caras dominando o país com a própria dinastia afundada em mutreta mas o problema é o presidente se reeleger,2.165,search,2026-10-05 04:48:43.936+00,,,,at://did:plc:4hnjwmgde4ostuwzv4vg77xh/app.bsky.feed.post/3mx44gg4tcs2g
91,https://bsky.app/profile/did:plc:3euj4tytehl7ampps5hdkrig/post/3mx4tzhiimk2v,https://bsky.app/profile/did:plc:3euj4tytehl7ampps5hdkrig,"torcendo pra todo mundo que  votou nesses arrombados receber as consequencias do voto, seja por condições precárias relacionadas à cidade, seja por serem prejudicados em políticas públicas ou questões de gênero. Não era isso que queriam? entao que se lasque, zero pena agora",0.549,search,2026-10-05 11:50:58.962+00,,,,at://did:plc:3euj4tytehl7ampps5hdkrig/app.bsky.feed.post/3mx4tzhiimk2v
92,https://bsky.app/profile/did:plc:stjraggjlh6yk2ekyxhwrmls/post/3mx3jspsylc27,https://bsky.app/profile/did:plc:stjraggjlh6yk2ekyxhwrmls,"Eu não fico puta com quem votou em candidatos de outros partidos de esquerda. Eu fico puta com quem quer justificar voto branco, nulo ou abstenção. Teve PARTIDO sugerindo voto nulo. Gente que se acha muito revolucionária mas que não liga do fascismo no poder.",2.621,search,2026-10-04 23:15:35.65+00,,,,at://did:plc:stjraggjlh6yk2ekyxhwrmls/app.bsky.feed.post/3mx3jspsylc27
93,https://bsky.app/profile/did:plc:bja5wiahmjjd7werii2jj3fi/post/3mx3ibihhn22t,https://bsky.app/profile/did:plc:bja5wiahmjjd7werii2jj3fi,"40 minutos sem atualizar, bota essa porra pra funcionar TSE",0.000,search,2026-10-04 22:48:03.773+00,,,,at://did:plc:bja5wiahmjjd7werii2jj3fi/app.bsky.feed.post/3mx3ibihhn22t
94,https://bsky.app/profile/did:plc:opsinf3gmlvnza43opq233yl/post/3mx3qvaynsk24,https://bsky.app/profile/did:plc:opsinf3gmlvnza43opq233yl,Reflexão no calor do momento sobre as eleições.,2.341,search,2026-10-05 01:22:16.969+00,,,,at://did:plc:opsinf3gmlvnza43opq233yl/app.bsky.feed.post/3mx3qvaynsk24
95,https://bsky.app/profile/did:plc:ahjajhrlfnhn5vspu4owmnxo/post/3mx44zax6dc2n,https://bsky.app/profile/did:plc:ahjajhrlfnhn5vspu4owmnxo,O presidiário é realmente o candidato da família... da dele.,1.717,search,2026-10-05 04:59:16.041+00,,,,at://did:plc:ahjajhrlfnhn5vspu4owmnxo/app.bsky.feed.post/3mx44zax6dc2n
96,https://bsky.app/profile/did:plc:szksdkf4ec3lgby55k7fuwva/post/3mx3ft27emc2i,https://bsky.app/profile/did:plc:szksdkf4ec3lgby55k7fuwva,ultima eleição do brasil EBAAA,1.805,search,2026-10-04 22:04:11.582+00,,,,at://did:plc:szksdkf4ec3lgby55k7fuwva/app.bsky.feed.post/3mx3ft27emc2i
97,https://bsky.app/profile/did:plc:i64dfydoybrqhive3egofovt/post/3mx5aesco4k23,https://bsky.app/profile/did:plc:i64dfydoybrqhive3egofovt,🩺 Encontro reúne profissionais para discutir integração e humanização da saúde 🩺 🔗 Link: www.tribunaonline.net/encontro-reu... 👉 Leia mais em: www.tribunaonline.net 👈,0.000,search,2026-10-05 15:32:04.307+00,,,,at://did:plc:i64dfydoybrqhive3egofovt/app.bsky.feed.post/3mx5aesco4k23
98,https://bsky.app/profile/did:plc:zewx7vin7gtvm66br7qpjz25/post/3mx3mlej7xs22,https://bsky.app/profile/did:plc:zewx7vin7gtvm66br7qpjz25,E não é só isso: é $ deixando de sair de programas sociais.  É o governo perdendo capacidade de fazer políticas públicas e ficando refém do congresso,1.099,search,2026-10-05 00:05:10.137+00,,,,at://did:plc:zewx7vin7gtvm66br7qpjz25/app.bsky.feed.post/3mx3mlej7xs22
99,https://bsky.app/profile/did:plc:kzkl2onyewbs7pehh2ellzcb/post/3mx5oe2hkqu2t,https://bsky.app/profile/did:plc:kzkl2onyewbs7pehh2ellzcb,"Resultado das eleições 2026 em Craíbas (AL): votação para presidente na Escola Nossa Senhora da Conceição, na 31ª zona eleitoral",0.000,jetstream,2026-10-05 19:42:09.153637+00,,,,at://did:plc:kzkl2onyewbs7pehh2ellzcb/app.bsky.feed.post/3mx5oe2hkqu2t
100,https://bsky.app/profile/did:plc:d2ekn3zzbrkazl5ys67ayl3r/post/3mx3nxtcz3s2i,https://bsky.app/profile/did:plc:d2ekn3zzbrkazl5ys67ayl3r,"Eu imaginei ele sendo eleito, um repórter fazendo uma pergunta “Sr Presidente...” e ele “☝️ Sr *ESCRITOR* Presidente”",1.684,search,2026-10-05 00:30:02.068+00,,,,at://did:plc:d2ekn3zzbrkazl5ys67ayl3r/app.bsky.feed.post/3mx3nxtcz3s2i
101,https://bsky.app/profile/did:plc:qscxbyv3sy7y5ihcf3mnaqrl/post/3mx3hnsnvl22z,https://bsky.app/profile/did:plc:qscxbyv3sy7y5ihcf3mnaqrl,tá assustado? fecha a página da apuração e abra o site do seu partido de preferência e se filie vá se organizar,2.525,search,2026-10-04 22:37:03.381+00,,,,at://did:plc:qscxbyv3sy7y5ihcf3mnaqrl/app.bsky.feed.post/3mx3hnsnvl22z
102,https://bsky.app/profile/did:plc:iebzj2c3y57wjzf775pvuzo2/post/3mx3klhsftk2b,https://bsky.app/profile/did:plc:iebzj2c3y57wjzf775pvuzo2,"""o brasil nem precisou de intervenção americana."" Galera, a intervenção já rolou. Vocês acham normal Peter Thiel fazer reunião com Luciano Huck pouco antes de lançar uma plataforma que só indica candidatos de direita? É a big tech que financia o fascismo no mundo inteiro.",4.276,search,2026-10-04 23:29:26.11+00,,,,at://did:plc:iebzj2c3y57wjzf775pvuzo2/app.bsky.feed.post/3mx3klhsftk2b
103,https://bsky.app/profile/did:plc:tullp76y6ojl6lsd2pufruzs/post/3mx3ld4zs522e,https://bsky.app/profile/did:plc:tullp76y6ojl6lsd2pufruzs,"Toda eleição a gente lembra que não importa os resultados positivos do governo, se for minimamente a esquerda boa parte da população e da imprensa está disposta a jogar o país na merda",3.506,search,2026-10-04 23:42:40.125+00,,,,at://did:plc:tullp76y6ojl6lsd2pufruzs/app.bsky.feed.post/3mx3ld4zs522e
104,https://bsky.app/profile/did:plc:c3zctclhmg3s3lk2cqm2unbl/post/3mx3hiuniv22b,https://bsky.app/profile/did:plc:c3zctclhmg3s3lk2cqm2unbl,é mais os outros candidatos são de direita tbm 💀,1.040,search,2026-10-04 22:34:17.692+00,,,,at://did:plc:c3zctclhmg3s3lk2cqm2unbl/app.bsky.feed.post/3mx3hiuniv22b
105,https://bsky.app/profile/did:plc:tffdcydrphlpzxypkhy3bklq/post/3mx5ixcauvs2p,https://bsky.app/profile/did:plc:tffdcydrphlpzxypkhy3bklq,"Cade aquele meme do ""toda eleição na América latina"" aí o baby hitler vs a coalizão de esquerda",0.973,jetstream,2026-10-05 18:05:34.939+00,,,,at://did:plc:tffdcydrphlpzxypkhy3bklq/app.bsky.feed.post/3mx5ixcauvs2p
106,https://bsky.app/profile/did:plc:4hnjwmgde4ostuwzv4vg77xh/post/3mx43w2de4s23,https://bsky.app/profile/did:plc:4hnjwmgde4ostuwzv4vg77xh,mas juro que quando postei sobre candidatos recebi dm falando de alternância de poder kkkkkkkkkk,2.588,search,2026-10-05 04:39:34.695+00,,,,at://did:plc:4hnjwmgde4ostuwzv4vg77xh/app.bsky.feed.post/3mx43w2de4s23
107,https://bsky.app/profile/did:plc:63aryu5oqkilxo2vtp46wis3/post/3mx3kw5fmo22f,https://bsky.app/profile/did:plc:63aryu5oqkilxo2vtp46wis3,mas assim o que esperar de uma sociedade doente que acredita em promessa de princípios de um hipócrita ao invés de políticas públicas e melhoria do país para todos?,1.472,search,2026-10-04 23:35:24.305+00,,,,at://did:plc:63aryu5oqkilxo2vtp46wis3/app.bsky.feed.post/3mx3kw5fmo22f
108,https://bsky.app/profile/did:plc:7zjgshbrtpu6mphguadcpdco/post/3mx3mhwltdc24,https://bsky.app/profile/did:plc:7zjgshbrtpu6mphguadcpdco,"Gente a diferença vai ser muito pouca, eu tenho esperança q da pra virar com os votos de outros candidatos",1.629,search,2026-10-05 00:03:14.89+00,,,,at://did:plc:7zjgshbrtpu6mphguadcpdco/app.bsky.feed.post/3mx3mhwltdc24
109,https://bsky.app/profile/did:plc:x7lydmudjfl4wl5q4sqnvblc/post/3mx3scuv7ik2p,https://bsky.app/profile/did:plc:x7lydmudjfl4wl5q4sqnvblc,"Você não pode demonstrar sequer empatia com a situação dos outros, nada. Tudo pra eles se baseia em frases como: a pessoa escolheu. Não acreditam em políticas públicas. Vão arrebentar a previdência social e adotar modelos privados como do Chile e de alguma países europeus (modelos que matam de fome)",1.151,search,2026-10-05 01:47:47.778+00,,,,at://did:plc:x7lydmudjfl4wl5q4sqnvblc/app.bsky.feed.post/3mx3scuv7ik2p
110,https://bsky.app/profile/did:plc:mzqfd2jtlcui5gvr76v3rz4u/post/3mx34psad722d,https://bsky.app/profile/did:plc:mzqfd2jtlcui5gvr76v3rz4u,"Oi gnt, votei. Tbm comprei um açaí. Muito bom dia de eleição.",2.047,search,2026-10-04 19:21:18.88+00,,,,at://did:plc:mzqfd2jtlcui5gvr76v3rz4u/app.bsky.feed.post/3mx34psad722d
111,https://bsky.app/profile/did:plc:a65yyvbrf6ejdqimxssncuo5/post/3mx3puhycck2q,https://bsky.app/profile/did:plc:a65yyvbrf6ejdqimxssncuo5,Isso aqui é verdade. A eleição do Flávio foi uma parada tão descarada que foi nível Collor.,4.493,search,2026-10-05 01:03:57.003+00,,,,at://did:plc:a65yyvbrf6ejdqimxssncuo5/app.bsky.feed.post/3mx3puhycck2q
112,https://bsky.app/profile/did:plc:vra7v3d427dqkuohdiagvdyr/post/3mx3xw4flkk2f,https://bsky.app/profile/did:plc:vra7v3d427dqkuohdiagvdyr,"tinha que eliminar todo candidato que começa com ""Delegado"" ""Sargento""",1.629,search,2026-10-05 03:28:01.898+00,,,,at://did:plc:vra7v3d427dqkuohdiagvdyr/app.bsky.feed.post/3mx3xw4flkk2f
113,https://bsky.app/profile/did:plc:uyjvp543reyfs2i6inxx7alh/post/3mx3kbao7g22k,https://bsky.app/profile/did:plc:uyjvp543reyfs2i6inxx7alh,fun fact: proximo presidente indica 4 vagas pro STF,2.004,search,2026-10-04 23:23:43.088+00,,,,at://did:plc:uyjvp543reyfs2i6inxx7alh/app.bsky.feed.post/3mx3kbao7g22k
114,https://bsky.app/profile/did:plc:nm2f4sfa6sgx2dwsyzgqhf6w/post/3mx4u22umek2r,https://bsky.app/profile/did:plc:nm2f4sfa6sgx2dwsyzgqhf6w,Mas e o Lulinha que a mídia só falava dele? E o Moraes que também monopolizou os jornais? Não se elegeram também. Até pq não eram candidatos. Quem dera a mídia tivesse tido tempo pra expor os candidatos envolvidos no caso Master né?,1.778,search,2026-10-05 11:51:19.282+00,,,,at://did:plc:nm2f4sfa6sgx2dwsyzgqhf6w/app.bsky.feed.post/3mx4u22umek2r
115,https://bsky.app/profile/did:plc:jbsgikosokqujzqj4owdee7q/post/3mx3hicie7c2a,https://bsky.app/profile/did:plc:jbsgikosokqujzqj4owdee7q,Só falta essa consciência nas próximas eleições pra prefeito.  Mas vou acreditar q vai rolar.,1.417,search,2026-10-04 22:33:58.647+00,,,,at://did:plc:jbsgikosokqujzqj4owdee7q/app.bsky.feed.post/3mx3hicie7c2a
116,https://bsky.app/profile/did:plc:hl5qwbghniwqup3j6r7xwekz/post/3mx5oskmz7224,https://bsky.app/profile/did:plc:hl5qwbghniwqup3j6r7xwekz,"📰 Diretor da Quaest analisa números do 1º turno e crava favorito a presidente Para analista da Quaest, voto útil consolidou a direita e petista precisará conquistar 8% dos eleitores que rejeitam os dois lados na disputa",0.000,jetstream,2026-10-05 19:50:18.404+00,,,,at://did:plc:hl5qwbghniwqup3j6r7xwekz/app.bsky.feed.post/3mx5oskmz7224
117,https://bsky.app/profile/did:plc:c36f6dl2hgqxynd6wclxudqw/post/3mx3irmravk2h,https://bsky.app/profile/did:plc:c36f6dl2hgqxynd6wclxudqw,toda eleição o mesmo sentimento de me sentir trouxa por ainda ter esperança,4.020,search,2026-10-04 22:57:05.159+00,,,,at://did:plc:c36f6dl2hgqxynd6wclxudqw/app.bsky.feed.post/3mx3irmravk2h
118,https://bsky.app/profile/did:plc:k4jo5tew4aav7qif2ia7uwfx/post/3mx3gpsokzc2m,https://bsky.app/profile/did:plc:k4jo5tew4aav7qif2ia7uwfx,LULA É O CANDIDATO DA VIRADA LULA É O CANDIDATO DO AMOR 🎵,1.354,search,2026-10-04 22:20:16.77+00,,,,at://did:plc:k4jo5tew4aav7qif2ia7uwfx/app.bsky.feed.post/3mx3gpsokzc2m
119,https://bsky.app/profile/did:plc:gdxytf7iwt7ta4bjkhc7ck5a/post/3mx3i42n4jc25,https://bsky.app/profile/did:plc:gdxytf7iwt7ta4bjkhc7ck5a,Quase 40 minutos que a apuração no app do TSE não atualiza *suspira *,1.748,search,2026-10-04 22:45:01.502+00,,,,at://did:plc:gdxytf7iwt7ta4bjkhc7ck5a/app.bsky.feed.post/3mx3i42n4jc25
120,https://bsky.app/profile/did:plc:l3wsnuu4g5lsyaamlxv5kgou/post/3mx57bmhnuc2y,https://bsky.app/profile/did:plc:l3wsnuu4g5lsyaamlxv5kgou,O TSE FINALMENTE ATUALIZOU E EU QUERIA DIZER QUE O PT ENTROU COM 70 DEPUTADOS PT E PSOL  NÃO PERDERAM  N E N H U M A CADEIRA AMBOS AUMENTARAM,5.669,search,2026-10-05 15:12:23.771+00,,,,at://did:plc:l3wsnuu4g5lsyaamlxv5kgou/app.bsky.feed.post/3mx57bmhnuc2y
121,https://bsky.app/profile/did:plc:fip3nyk6tjo3senpq4ei2cxw/post/3mx5mtf2z4k2t,https://bsky.app/profile/did:plc:fip3nyk6tjo3senpq4ei2cxw,"Relembre da pandemia com Bolsonaro Relembre do clima de violência política que vivemos naqueles anos, onde só vestir vermelho poderia resultar em agressão física na rua ou até morte (lembrem do petista morto no aniversário dele por um bolsonarista) Relembre da tentativa de golpe em Brasília",0.805,search,2026-10-05 19:14:58.641+00,,,,at://did:plc:fip3nyk6tjo3senpq4ei2cxw/app.bsky.feed.post/3mx5mtf2z4k2t
122,https://bsky.app/profile/did:plc:gec65frowlbr74gkclhnypkx/post/3mx3f2h4vss2f,https://bsky.app/profile/did:plc:gec65frowlbr74gkclhnypkx,No dia que o PT de sao paulo deixar de ser orgulhoso e mesquinho talvez a gente eleja alguém de esquerda pra governador/prefeito,1.748,search,2026-10-04 21:50:26.272+00,,,,at://did:plc:gec65frowlbr74gkclhnypkx/app.bsky.feed.post/3mx3f2h4vss2f
123,https://bsky.app/profile/did:plc:6kp3jl22lqs7fn5lwolr2tu5/post/3mx4zpgrzb22h,https://bsky.app/profile/did:plc:6kp3jl22lqs7fn5lwolr2tu5,pra além da extrema jumentice queria saber QUAL candidato está apoiando pauta de pronome neutro. tipo assim cite um que levou isso pra qualquer debate ou que falou disso em campanha. que delírio é esse,3.611,search,2026-10-05 13:32:45.133+00,,,,at://did:plc:6kp3jl22lqs7fn5lwolr2tu5/app.bsky.feed.post/3mx4zpgrzb22h
124,https://bsky.app/profile/did:plc:bizmwobrky4vahzytrqpzyon/post/3mx3vvto3u22p,https://bsky.app/profile/did:plc:bizmwobrky4vahzytrqpzyon,sei lá gente teve gente que não sobreviveu ao primeiro governo bolsonaro  teve gente que não sobreviveu os governos collor e fhc  um monte de viado não sobreviveu o governo reagan,1.522,search,2026-10-05 02:52:05.256+00,,,,at://did:plc:bizmwobrky4vahzytrqpzyon/app.bsky.feed.post/3mx3vvto3u22p
125,https://bsky.app/profile/did:plc:3wxuhvq34zwbbsvnvkwo2ns5/post/3mx5oowvlgk2x,https://bsky.app/profile/did:plc:3wxuhvq34zwbbsvnvkwo2ns5,"Blindou o Flávio a campanha inteira, focou numa narrativa acusatória de vazamentos contra o filho do lula, atacou o governo todos os dias, assim como atacou ministros do STF pró democracia ignorando os q trabalham ativamente contra envolvidos com o Vorcaro. Aí vem com esse papinho",0.000,jetstream,2026-10-05 19:48:17.022+00,,,,at://did:plc:3wxuhvq34zwbbsvnvkwo2ns5/app.bsky.feed.post/3mx5oowvlgk2x
126,https://bsky.app/profile/did:plc:lo44wp4naax7v4oklr6wxkwj/post/3mx5odadyek2d,https://bsky.app/profile/did:plc:lo44wp4naax7v4oklr6wxkwj,tô a isso aqui 🤏 de me filiar a um partido,0.000,jetstream,2026-10-05 19:41:44.293+00,,,,at://did:plc:lo44wp4naax7v4oklr6wxkwj/app.bsky.feed.post/3mx5odadyek2d
127,https://bsky.app/profile/did:plc:5xgtjulcpxjggxg3kv46ynpy/post/3mx3npme4q226,https://bsky.app/profile/did:plc:5xgtjulcpxjggxg3kv46ynpy,"O STF meio que acabou, né? A destituição de um ministro depende da desculpa mais esfarrapada possível",1.869,search,2026-10-05 00:25:26.32+00,,,,at://did:plc:5xgtjulcpxjggxg3kv46ynpy/app.bsky.feed.post/3mx3npme4q226
128,https://bsky.app/profile/did:plc:rt55hln4sf7ghd5hysnzbl7y/post/3mx3it2egb22x,https://bsky.app/profile/did:plc:rt55hln4sf7ghd5hysnzbl7y,Eu tenho é ódio dessa retórica  Os partidos de esquerda radical levando meia dúzia de votos e o povo sempre insiste em agir como se fosse culpa dessa meia dúzia e não dos milhões que votam na direita,1.805,search,2026-10-04 22:57:52.958+00,,,,at://did:plc:rt55hln4sf7ghd5hysnzbl7y/app.bsky.feed.post/3mx3it2egb22x
129,https://bsky.app/profile/did:plc:vmm6sqm3tylhw5ggmkwhfq7q/post/3mx5ovhvpws27,https://bsky.app/profile/did:plc:vmm6sqm3tylhw5ggmkwhfq7q,a variação é de no máximo 2 milhões e meio entre alguns pleitos mas sempre gira em torno dos 20 a 21% dos votantes nacionais o negócio é tbm tentar buscar disputa tbm nos 15 milhões distribuidos entre os outros candidatos (9mi) e os brancos e nulos (6mi),,jetstream,2026-10-05 19:51:56.208+00,,,,at://did:plc:vmm6sqm3tylhw5ggmkwhfq7q/app.bsky.feed.post/3mx5ovhvpws27
130,https://bsky.app/profile/did:plc:76tjhdex36ybsa2smmsphk4e/post/3mx37clgxbs2z,https://bsky.app/profile/did:plc:76tjhdex36ybsa2smmsphk4e,Acompanhe a apuração com a gente! youtube.com/live/5Zhc-6e...,2.064,search,2026-10-04 20:07:36.777+00,,,,at://did:plc:76tjhdex36ybsa2smmsphk4e/app.bsky.feed.post/3mx37clgxbs2z
131,https://bsky.app/profile/did:plc:4ohglbfz2vqz7yjjgd3oe6we/post/3mx3gwqqau22n,https://bsky.app/profile/did:plc:4ohglbfz2vqz7yjjgd3oe6we,O partido novo aumentando demais a bancada no senado 🫠🫠🫠,0.000,search,2026-10-04 22:24:09.608+00,,,,at://did:plc:4ohglbfz2vqz7yjjgd3oe6we/app.bsky.feed.post/3mx3gwqqau22n
132,https://bsky.app/profile/did:plc:nr3poea4qxztfywfajgnago3/post/3mx5p2e3wd22q,https://bsky.app/profile/did:plc:nr3poea4qxztfywfajgnago3,"CNN Brasil recebeu R$ 3.532.518,32 da Secretaria de Comunicação Social (Secom) em repasses de publicidade televisiva ao longo de três anos e meio do atual governo do presidente Lula",,jetstream,2026-10-05 19:54:39.988+00,,,,at://did:plc:nr3poea4qxztfywfajgnago3/app.bsky.feed.post/3mx5p2e3wd22q
133,https://bsky.app/profile/did:plc:kzkl2onyewbs7pehh2ellzcb/post/3mx4f4ka3ly23,https://bsky.app/profile/did:plc:kzkl2onyewbs7pehh2ellzcb,"Os desafios do novo governador para os próximos 4 anos no RS: enchentes, feminicídios e dívida pública",0.000,search,2026-10-05 07:24:13.784883+00,,,,at://did:plc:kzkl2onyewbs7pehh2ellzcb/app.bsky.feed.post/3mx4f4ka3ly23
134,https://bsky.app/profile/did:plc:oc4si44e3guociehta4ehw3c/post/3mx3umryths2z,https://bsky.app/profile/did:plc:oc4si44e3guociehta4ehw3c,"O partido do Nikolas tem um controle absurdo de dados. 24 candidatos, salvo engano, fizeram mais de 10% do quociente. O que significa que 24 candidatos tiveram bastante verba de campanha. Eles acertaram na distribuição. O PSOL não",1.956,search,2026-10-05 02:29:07.779+00,,,,at://did:plc:oc4si44e3guociehta4ehw3c/app.bsky.feed.post/3mx3umryths2z
