id,link,texto,prioridade,origem,criado_em,rotulo,conta_parece_bot,observacao,uri
1,https://bsky.app/profile/did:plc:33x2gc6zjijfxxwt5z42a3q6/post/3mx5ooajeic23,Incrivel o Paraná que elegeu seu primeiro deputado negro rm 2026,0.000,jetstream,2026-10-05 19:47:53.582+00,,,,at://did:plc:33x2gc6zjijfxxwt5z42a3q6/app.bsky.feed.post/3mx5ooajeic23
2,https://bsky.app/profile/did:plc:b3sgkulmmmzz5jqsxx3dovex/post/3mx5clrbiw22t,"""Diante da insegurança jurídica causada pelo STF a rede Globo anuncia que está cancelando o debate de segundo turno"" Querem ver?",1.819,search,2026-10-05 16:11:45.576+00,,,,at://did:plc:b3sgkulmmmzz5jqsxx3dovex/app.bsky.feed.post/3mx5clrbiw22t
3,https://bsky.app/profile/did:plc:jdr34ctfquj6pqaw6dx6jrls/post/3mx3gkcm77k2g,donald trump já tá eleito presidente do senado,2.227,search,2026-10-04 22:17:12.142+00,,,,at://did:plc:jdr34ctfquj6pqaw6dx6jrls/app.bsky.feed.post/3mx3gkcm77k2g
4,https://bsky.app/profile/did:plc:ug2owrbgnhixw7m27ocxlypl/post/3mx3giiaasc2l,LELELE OOOOOOOO LUIS INÁCIO É O CANDIDATO DA VIRADA LUIS INÁCIO É O CANDIDATO DO AMOR,0.896,search,2026-10-04 22:16:10.933+00,,,,at://did:plc:ug2owrbgnhixw7m27ocxlypl/app.bsky.feed.post/3mx3giiaasc2l
5,https://bsky.app/profile/did:plc:i267ig2ka5bojc6s4a6iupib/post/3mx4zbzcm722j,é muito difícil disputar eleição com quem consegue comprar tudo e não tem freio moral pra nada,3.202,search,2026-10-05 13:25:14.784+00,,,,at://did:plc:i267ig2ka5bojc6s4a6iupib/app.bsky.feed.post/3mx4zbzcm722j
6,https://bsky.app/profile/did:plc:gluvkpnfq4wuvvpzc5o6vrd6/post/3mx447azhsd2v,"n sei se eu expliquei bem mas imagina q td q VC quer pra política e td q vc acredita q precisa ser feito seja feito. e ai tudo só piora, contas aumentam, feira, custo de vida, até mais miséria e pobreza nas ruas, mais violência, serviços essenciais piores. e o candidato q vc votou só metido em+",0.805,search,2026-10-05 04:44:43.701+00,,,,at://did:plc:gluvkpnfq4wuvvpzc5o6vrd6/app.bsky.feed.post/3mx447azhsd2v
7,https://bsky.app/profile/did:plc:6dr5xluziorzbfcp4ny5cxu6/post/3mx4ym4nasc2m,putz me passou papo de fraude de urna eletronica gente hoje é dia do take maluco mesmo né,1.609,search,2026-10-05 13:13:00.086+00,,,,at://did:plc:6dr5xluziorzbfcp4ny5cxu6/app.bsky.feed.post/3mx4ym4nasc2m
8,https://bsky.app/profile/did:plc:k4jo5tew4aav7qif2ia7uwfx/post/3mx3rhigp7k2t,"E mesmo no segundo turno, ainda vai ter pau no cu com papo de ""eleições são farsa. Não vote, lute"" Cara, dependendo de como essas eleições terminam, você não faz nenhuma das duas coisas ano que vem",2.585,search,2026-10-05 01:32:28.75+00,,,,at://did:plc:k4jo5tew4aav7qif2ia7uwfx/app.bsky.feed.post/3mx3rhigp7k2t
9,https://bsky.app/profile/did:plc:ubji6txf3gdzwztlt2zegzdi/post/3mx5cnlghp22t,"Hoje mesmo já tinha a Galu Maspar dizendo que a votação recorde para senadores do PL era ""culpa do ativismo do STF""",1.648,search,2026-10-05 16:12:46.564+00,,,,at://did:plc:ubji6txf3gdzwztlt2zegzdi/app.bsky.feed.post/3mx5cnlghp22t
10,https://bsky.app/profile/did:plc:e54uv76kuz575uywrg6zyj6a/post/3mx53ldihfs2f,Quando eles tão ganhando funciona mas quando perdem é porque a urna eletronica foi hackeada Ah tomar no cu viu,0.693,search,2026-10-05 14:06:14.94+00,,,,at://did:plc:e54uv76kuz575uywrg6zyj6a/app.bsky.feed.post/3mx53ldihfs2f
11,https://bsky.app/profile/did:plc:ilpc7gs3ciexskpcjzvxcxmb/post/3mx4prsqjuc2e,Vazou a colinha do meu pai,3.994,search,2026-10-05 10:35:07.355+00,,,,at://did:plc:ilpc7gs3ciexskpcjzvxcxmb/app.bsky.feed.post/3mx4prsqjuc2e
12,https://bsky.app/profile/did:plc:c36f6dl2hgqxynd6wclxudqw/post/3mx3iv27n322q,nikolas ferreira é o deputado mais votado da história do brasil. isso não é resultado eleitoral. é certidão de óbito,4.482,search,2026-10-04 22:58:59.924+00,,,,at://did:plc:c36f6dl2hgqxynd6wclxudqw/app.bsky.feed.post/3mx3iv27n322q
13,https://bsky.app/profile/did:plc:xgwilwgow3m4qqpeqzurzmge/post/3mx4uphxjl22k,O deputado da igreja do Vorcaro foi eleito com votação recorde.,3.132,search,2026-10-05 12:03:17.653+00,,,,at://did:plc:xgwilwgow3m4qqpeqzurzmge/app.bsky.feed.post/3mx4uphxjl22k
14,https://bsky.app/profile/did:plc:e3n4m2d5tngcrsxwcvrabukd/post/3mx5nqeory22x,"Se suas redes sociais são ativas, poste. Se quiser melhorar isso, me manda mensagem, te libero o link no canva.com Bora junto dizer - da melhor forma possível - o que precisa ser dito.",2.427,search,2026-10-05 19:31:11.319+00,,,,at://did:plc:e3n4m2d5tngcrsxwcvrabukd/app.bsky.feed.post/3mx5nqeory22x
15,https://bsky.app/profile/did:plc:fviikmkoech2xukgpuywqp7t/post/3mx3j7juypc2c,jornais agora: bandido fascista é eleito como senador bandido fascista 2 também é eleito como senador bandida fascista é reeleita como governadora bandido fascista é eleito como governador,1.832,search,2026-10-04 23:04:51.898+00,,,,at://did:plc:fviikmkoech2xukgpuywqp7t/app.bsky.feed.post/3mx3j7juypc2c
16,https://bsky.app/profile/did:plc:c36f6dl2hgqxynd6wclxudqw/post/3mx3gwqgo7k2f,daniel vorcaro eleito senador,2.460,search,2026-10-04 22:24:09.293+00,,,,at://did:plc:c36f6dl2hgqxynd6wclxudqw/app.bsky.feed.post/3mx3gwqgo7k2f
17,https://bsky.app/profile/did:plc:rlnjc4a6ioervuuwjcpr4y4e/post/3mx3l7tyte22g,"NORDESTE SALVANDO O SENADO!!!!!!!! Os dois senadores eleitos pelo Ceará, Cid Gomes (PSB) e Luizianne (REDE), foram indicações do Presidente Lula.",2.928,search,2026-10-04 23:40:49.991+00,,,,at://did:plc:rlnjc4a6ioervuuwjcpr4y4e/app.bsky.feed.post/3mx3l7tyte22g
18,https://bsky.app/profile/did:plc:wzhsjdenkpe4auiobfswul6f/post/3mx3wbpgpnc2o,pede coisa mais facil prefeito,0.896,search,2026-10-05 02:58:43.474+00,,,,at://did:plc:wzhsjdenkpe4auiobfswul6f/app.bsky.feed.post/3mx3wbpgpnc2o
19,https://bsky.app/profile/did:plc:rlnjc4a6ioervuuwjcpr4y4e/post/3mx3a7sjxg225,Bolsonarista do Rio Grande do Sul  que passou cola no número 03 da urna eletronica foi preso,3.032,search,2026-10-04 20:23:57.293+00,,,,at://did:plc:rlnjc4a6ioervuuwjcpr4y4e/app.bsky.feed.post/3mx3a7sjxg225
20,https://bsky.app/profile/did:plc:7gepj4vyrqci23np535zjprz/post/3mx3m4hgrm22d,E que essa eleição seja laboratorio pro PT entender que Haddad não tem popularidade alguma e não invente de colocar ele pra correr a presidência de novo,3.148,search,2026-10-04 23:56:49.897+00,,,,at://did:plc:7gepj4vyrqci23np535zjprz/app.bsky.feed.post/3mx3m4hgrm22d
21,https://bsky.app/profile/did:plc:pqlytvhompv3nvhyztd6wfem/post/3mx35hskuq22n,"Eu sigo muito emocionada vendo meus filhos votar. Theo é muito vereador, fico passada.",1.629,search,2026-10-04 19:34:44.537+00,,,,at://did:plc:pqlytvhompv3nvhyztd6wfem/app.bsky.feed.post/3mx35hskuq22n
22,https://bsky.app/profile/did:plc:kzkl2onyewbs7pehh2ellzcb/post/3mx3ajuh7ec2c,Eleições 2026: veja propostas de Rosi para o governo de Roraima,0.000,search,2026-10-04 20:29:32.059761+00,,,,at://did:plc:kzkl2onyewbs7pehh2ellzcb/app.bsky.feed.post/3mx3ajuh7ec2c
23,https://bsky.app/profile/did:plc:v4gcanz3wjpflzxwknmegmvj/post/3mx5lgtv5gc2z,Aqui o cellbit foi grandão Fã de Ordem Paranormal vota 13,1.748,search,2026-10-05 18:50:04.181+00,,,,at://did:plc:v4gcanz3wjpflzxwknmegmvj/app.bsky.feed.post/3mx5lgtv5gc2z
24,https://bsky.app/profile/did:plc:nmuaci6kpxrguqw6immu7uk7/post/3mx5j3z6zec2o,"Obviamente que não! Mas eu estou sendo pragmático e tendo evitar continuar tomando no cu toda eleição. A teoria é linda, mas as vezes eu vou ser pragmático mesmo que não concordo 100% com os motivos",0.000,jetstream,2026-10-05 18:08:13.214+00,,,,at://did:plc:nmuaci6kpxrguqw6immu7uk7/app.bsky.feed.post/3mx5j3z6zec2o
25,https://bsky.app/profile/did:plc:nq3zgeinwmotordgvkqhvfqe/post/3mx5cka2dnc22,e se eu me filiar a todos os partidos de esquerda todos todos,1.151,search,2026-10-05 16:10:53.967+00,,,,at://did:plc:nq3zgeinwmotordgvkqhvfqe/app.bsky.feed.post/3mx5cka2dnc22
26,https://bsky.app/profile/did:plc:xmobdvztuvag27dzp4xbtaaj/post/3mx5of4562c2c,"Partido imune ao aprendizado, bicho",0.000,jetstream,2026-10-05 19:42:46.998+00,,,,at://did:plc:xmobdvztuvag27dzp4xbtaaj/app.bsky.feed.post/3mx5of4562c2c
27,https://bsky.app/profile/did:plc:spa4f7cz7ygudasev7h2yjb2/post/3mx5ixslglk2i,"Se for para perder, que seja deixando tudo de mim no campo de batalha. #eleições2026 #lulapresidente2026 #brasilsoberano #lutaratéofim",0.347,jetstream,2026-10-05 18:05:52.052+00,,,,at://did:plc:spa4f7cz7ygudasev7h2yjb2/app.bsky.feed.post/3mx5ixslglk2i
28,https://bsky.app/profile/did:plc:ofsfjixoii6ox5kmge3frnzl/post/3mx3bvfs2ec2y,"O TSE assim: Tenho duas notícias, qual você quer primeiro A boa ou a sulista?",1.903,search,2026-10-04 20:53:55.87+00,,,,at://did:plc:ofsfjixoii6ox5kmge3frnzl/app.bsky.feed.post/3mx3bvfs2ec2y
29,https://bsky.app/profile/did:plc:dddidb5mmafamptku2qvvlbv/post/3mx3kbek76s24,"E não tem ninguém da direita reclamando da urna eletrônica hoje, né?",0.693,search,2026-10-04 23:23:47.149+00,,,,at://did:plc:dddidb5mmafamptku2qvvlbv/app.bsky.feed.post/3mx3kbek76s24
30,https://bsky.app/profile/did:plc:dbx5fob2v5br2fifsc7vy6do/post/3mx3kp6n6cs26,Pessoas com deficiência matemática né? Nem que os outros candidatos de esquerda tivessem ZERO votos isso faria alguma diferença,1.445,search,2026-10-04 23:31:30.719+00,,,,at://did:plc:dbx5fob2v5br2fifsc7vy6do/app.bsky.feed.post/3mx3kp6n6cs26
31,https://bsky.app/profile/did:plc:oc4si44e3guociehta4ehw3c/post/3mx3weem3kk2z,"P.S.: É um péssimo gasto para o partido, MAS é um ótimo gasto para o candidato. É muito mais barato convencer um candidato que vai votar no Tarcísio a votar na Talíria e vice-versa. Só que o partido está gastando 2 vezes para ganhar zero novos votos, né? Para o partido, essa concentração é burra.",1.684,search,2026-10-05 03:00:12.778+00,,,,at://did:plc:oc4si44e3guociehta4ehw3c/app.bsky.feed.post/3mx3weem3kk2z
32,https://bsky.app/profile/did:plc:4uohnc63vecrfvd3u45zru72/post/3mx5p4txcrs2v,"Ou seja, o governo está virando as costas para o STF, o que significa que o STF virará as costas para o governo.   (Pessoalmente sou favorável à ampliação do rol do tribunal do júri, inclusive para demandas cíveis... No México deu certo)",,jetstream,2026-10-05 19:56:03.696+00,,,,at://did:plc:4uohnc63vecrfvd3u45zru72/app.bsky.feed.post/3mx5p4txcrs2v
33,https://bsky.app/profile/did:plc:uz7pvzf5p6cuvx3fl6gqxjsb/post/3mx5oscvtzc2y,"eu não sei se é vies pq sou novo, mas eu sinto que essa eleição foi a pior das que eh participei. entendo que conseguimos por bastante pt e psol, mas creio que os novos rostos da direita sejam muito piores do que os anteriores. parecem MAIS nazi",0.000,jetstream,2026-10-05 19:50:10.305+00,,,,at://did:plc:uz7pvzf5p6cuvx3fl6gqxjsb/app.bsky.feed.post/3mx5oscvtzc2y
34,https://bsky.app/profile/did:plc:7xvo5igdq4wyk3mhu4fsubcx/post/3mx42j7p7lc2r,Pedro Rousseff é eleito deputado federal por Minas Gerais Petista recebeu mais de 100 mil votos e garantiu uma vaga na Câmara dos Deputados  #Resistencia3016Dias Siga nosso BlueSky dilmaresiste,2.117,search,2026-10-05 04:14:30.376+00,,,,at://did:plc:7xvo5igdq4wyk3mhu4fsubcx/app.bsky.feed.post/3mx42j7p7lc2r
35,https://bsky.app/profile/did:plc:74xjlh7ae6jcdhstrjcx4vsx/post/3mx33avsays2z,"Como assim ""bolsonarista colou a tecla 3 da urna""? O Flavinho não disse que iam ganhar no primeiro turno? Por quê o desespero do gado doido? youtu.be/qGQq1gS1So8?...",1.568,search,2026-10-04 18:55:05.545+00,,,,at://did:plc:74xjlh7ae6jcdhstrjcx4vsx/app.bsky.feed.post/3mx33avsays2z
36,https://bsky.app/profile/did:plc:xxlkeeqf3fs7332p36xscxbm/post/3mx55mikb2s2e,"Um TSE que funcionasse, sabe",1.386,search,2026-10-05 14:42:41.277+00,,,,at://did:plc:xxlkeeqf3fs7332p36xscxbm/app.bsky.feed.post/3mx55mikb2s2e
37,https://bsky.app/profile/did:plc:5xhlgsnr4z326k7dhmbhif6a/post/3mx5anuyn7c2x,"Pra quem não votou, anulou etc ñ adianta defender justiça social e políticas públicas p pobres. O pobre q se acha empresário num Uber, ñ adianta falar do 6X1. Pra classe média q se acha rica não adianta falar do IR 5k e nem da putaria do master. Nem q vamos virar bairro dos EUA. Eu to sem argumento",1.242,search,2026-10-05 15:37:09.113+00,,,,at://did:plc:5xhlgsnr4z326k7dhmbhif6a/app.bsky.feed.post/3mx5anuyn7c2x
38,https://bsky.app/profile/did:plc:u5kg7l7tad35sqkvrs6atych/post/3mx3xhlub4s25,os cara tinha que inventar um candidato de esquerda que se eleja,1.936,search,2026-10-05 03:19:54.786+00,,,,at://did:plc:u5kg7l7tad35sqkvrs6atych/app.bsky.feed.post/3mx3xhlub4s25
39,https://bsky.app/profile/did:plc:kzkl2onyewbs7pehh2ellzcb/post/3mx5j7eouht2y,"Eleições 2026, deputado federal eleito",0.000,jetstream,2026-10-05 18:10:03.823445+00,,,,at://did:plc:kzkl2onyewbs7pehh2ellzcb/app.bsky.feed.post/3mx5j7eouht2y
40,https://bsky.app/profile/did:plc:gqm4b6sto3oz5xqw2k3eyex3/post/3mx5ogf3ko22n,"Rapaz, eu não ando em igreja, nem tenho religião. Minha família não fala de política. Os amigos que eu ando não fala de política. No trabalho ainda converso um pouco mas não puxo assunto. Ou seja, entre nessa de acompanhar política em 2018 e já estou largando qdo terminar essa eleição.",0.000,jetstream,2026-10-05 19:43:29.934+00,,,,at://did:plc:gqm4b6sto3oz5xqw2k3eyex3/app.bsky.feed.post/3mx5ogf3ko22n
41,https://bsky.app/profile/did:plc:zpugg7jkrojxzmk3btgj4ok3/post/3mx3ewteons26,Só lembrando que na eleição passada Lula só assumiu a 1ª posição com 70% das urnas apuradas,3.074,search,2026-10-04 21:48:24.892+00,,,,at://did:plc:zpugg7jkrojxzmk3btgj4ok3/app.bsky.feed.post/3mx3ewteons26
42,https://bsky.app/profile/did:plc:hll3r7jgjkrysuwy5tp35lgg/post/3mx3v3uufo22s,"A chance de mandarem a política de cotas pro caralho é imensa. Além de votarem proibição total do aborto e reversão das políticas de combate à violência contra a mulher, de igualdade salarial, etc ..",0.347,search,2026-10-05 02:37:34.095+00,,,,at://did:plc:hll3r7jgjkrysuwy5tp35lgg/app.bsky.feed.post/3mx3v3uufo22s
43,https://bsky.app/profile/did:plc:m6enlluw7ta5lo3hnyfbxz2q/post/3mx37ozjd7k2d,O site do TSE assim.,2.209,search,2026-10-04 20:14:34.19+00,,,,at://did:plc:m6enlluw7ta5lo3hnyfbxz2q/app.bsky.feed.post/3mx37ozjd7k2d
44,https://bsky.app/profile/did:plc:mgmdbipjftmjt6yhjrmx4vi2/post/3mx3xiapdsk2d,"ou é isso, ou em breve teremos Nikolas presidente",1.386,search,2026-10-05 03:20:16.651+00,,,,at://did:plc:mgmdbipjftmjt6yhjrmx4vi2/app.bsky.feed.post/3mx3xiapdsk2d
45,https://bsky.app/profile/did:plc:qfrgryt62bvacoiedp3oqqni/post/3mx3iwkdank2b,"Deve ter muita gente aí pensando ""Bom, teve um governo Bolsonaro, teve um governo Lula... e a minha vida continuou a mesma merda, então foda-se""",1.589,search,2026-10-04 22:59:50.375+00,,,,at://did:plc:qfrgryt62bvacoiedp3oqqni/app.bsky.feed.post/3mx3iwkdank2b
46,https://bsky.app/profile/did:plc:os3clnftbkhirgsbpgav6eef/post/3mx3neyytns2c,"vai ver a gente que tá errado, de ficar se preocupando com as pessoas, de querer proteger a natureza, de querer educação libertadora, de querer saúde pública e dignidade para todos, de querer o pacto civilizatório... talvez o certo é esse egoísmo canalha de cada um por si mesmo, é o que o povo quer",1.282,search,2026-10-05 00:19:30.491+00,,,,at://did:plc:os3clnftbkhirgsbpgav6eef/app.bsky.feed.post/3mx3neyytns2c
47,https://bsky.app/profile/did:plc:rpfxdsewrhq2owcbrw3mjg6x/post/3mx3neiuzsc2m,Auditoria do NetLab/UFRJ registrou 24 recomendações de 11 contas oficiais em três dias. Clique na imagem para ver 👇  iclnoticias.com.br/tiktok-recom...,2.550,search,2026-10-05 00:19:13.589+00,,,,at://did:plc:rpfxdsewrhq2owcbrw3mjg6x/app.bsky.feed.post/3mx3neiuzsc2m
48,https://bsky.app/profile/did:plc:aixjam2ayeu7ysiygujlewaf/post/3mx32mt3ibs2z,Parabéns Nunes Marques 👏 TSE virou bagunça 👏👏👏👏👏,2.215,search,2026-10-04 18:43:51.624+00,,,,at://did:plc:aixjam2ayeu7ysiygujlewaf/app.bsky.feed.post/3mx32mt3ibs2z
49,https://bsky.app/profile/did:plc:dk644jtqur3mvxphdwuawi25/post/3mx4qqebxps2r,"Renato Freitas: ""Como vereador e deputado estadual enfrentei os podres poderes e demonstrei que é possível ser político sem ser ladrão, sem se curvar à sedução do dinheiro, honrando a confiança do povo e, principalmente, honrando minha própria história. Agora, com a sabedoria e a coragem do povo,⤵️",1.522,search,2026-10-05 10:52:12.385+00,,,,at://did:plc:dk644jtqur3mvxphdwuawi25/app.bsky.feed.post/3mx4qqebxps2r
50,https://bsky.app/profile/did:plc:gwozz25tlztoyghpfzwzndvd/post/3mx3e75ylxs27,"JP ganhou duas vezes, sem prefeito e sem governador",0.693,search,2026-10-04 21:35:10.723+00,,,,at://did:plc:gwozz25tlztoyghpfzwzndvd/app.bsky.feed.post/3mx3e75ylxs27
51,https://bsky.app/profile/did:plc:untiqslmx7iujajcsevwgtef/post/3mx4zjhbqrc2s,Partido Comunista Cearense. Lindo o apoio Ora Thiago 🙏,2.039,search,2026-10-05 13:29:24.318+00,,,,at://did:plc:untiqslmx7iujajcsevwgtef/app.bsky.feed.post/3mx4zjhbqrc2s
52,https://bsky.app/profile/did:plc:g2hqseva7wwpkmmhwbe4nqcg/post/3mx4wvabp4s25,"Esposa do prefeito, até onde sei.",1.040,search,2026-10-05 12:42:18.407+00,,,,at://did:plc:g2hqseva7wwpkmmhwbe4nqcg/app.bsky.feed.post/3mx4wvabp4s25
53,https://bsky.app/profile/did:plc:isq6zxp5gfm5zfi676sf6yvw/post/3mx4amuqp422r,"Compare isso com o papel, e as milhares formas de fraude eleitoral que ele pode trazer. Aqui no Brasil, a única fraude eleitoral que existe é a compra de votos, e até isso é difícil de ocorrer pois na hora da votação, o eleitor pode muito bem votar contra o que foi pago, e ninguém jamais saberia",0.549,search,2026-10-05 06:03:54.543+00,,,,at://did:plc:isq6zxp5gfm5zfi676sf6yvw/app.bsky.feed.post/3mx4amuqp422r
54,https://bsky.app/profile/did:plc:ailgqhjafnwcrd5ok5pjhdbg/post/3mx3j6ry54k2f,"Bixo, tá parado a uma hora. Encontraram fraude eleitoral?",0.000,search,2026-10-04 23:04:26.835+00,,,,at://did:plc:ailgqhjafnwcrd5ok5pjhdbg/app.bsky.feed.post/3mx3j6ry54k2f
55,https://bsky.app/profile/did:plc:dcj2lqvi5j2dvojbvaidtlvb/post/3mx55dkme6s2h,"Exato. Eles estão matando a política democrática, debatedora de ideias, e só tá sobrando nos partidos de centro e centro-direita os políticos que ainda são desse perfil, q não quiseram (ainda?) se dobrar pro alarmismo.",1.568,search,2026-10-05 14:37:41.456+00,,,,at://did:plc:dcj2lqvi5j2dvojbvaidtlvb/app.bsky.feed.post/3mx55dkme6s2h
56,https://bsky.app/profile/did:plc:rvg7kdtccb2b63cl6sk6l3sj/post/3mx4vevdtkk2f,Brasileiro merdio hoje em dia elege alguém sem querer saber sobre economia ou políticas públicas só quer saber de troço sobre proibir pessoa trans em sei lá oq e só isso,0.347,search,2026-10-05 12:15:16.33+00,,,,at://did:plc:rvg7kdtccb2b63cl6sk6l3sj/app.bsky.feed.post/3mx4vevdtkk2f
57,https://bsky.app/profile/did:plc:a3ynarpudrl7g4ypawzg5vj2/post/3mx3sd3osf22q,Esse fulano nem o mandato de vereador exercia e agora senador da república.Estamos abandonados a própria sorte.,0.347,search,2026-10-05 01:47:54.909+00,,,,at://did:plc:a3ynarpudrl7g4ypawzg5vj2/app.bsky.feed.post/3mx3sd3osf22q
58,https://bsky.app/profile/did:plc:vv3iwc2t42sw2svsryde7jjv/post/3mx3i24hbpk2k,PAROU EM 65% PQ CAPETAS DO TSE ADIANTA INÚTEIS,1.386,search,2026-10-04 22:43:56.303+00,,,,at://did:plc:vv3iwc2t42sw2svsryde7jjv/app.bsky.feed.post/3mx3i24hbpk2k
59,https://bsky.app/profile/did:plc:vl6lox6jscyjorhf3sretrg2/post/3mx3fot6izs2e,"Fanatismo absoluto e muita ajuda das redes sociais e dinheiro americano. A aliança América /isra quer a América Latina domesticada. Estão a conseguir (a bem ou a mal , na Colômbia com fraude eleitoral mas ninguém quer saber ).",0.549,search,2026-10-04 22:01:49.993+00,,,,at://did:plc:vl6lox6jscyjorhf3sretrg2/app.bsky.feed.post/3mx3fot6izs2e
60,https://bsky.app/profile/did:plc:tjv3nunek6wkz6bezkqipvsh/post/3mx3srlmroc25,Futuro presidente do Brasil.,1.282,search,2026-10-05 01:56:01.382+00,,,,at://did:plc:tjv3nunek6wkz6bezkqipvsh/app.bsky.feed.post/3mx3srlmroc25
61,https://bsky.app/profile/did:plc:oc4si44e3guociehta4ehw3c/post/3mx3o65ikic2r,"Que dá, dá.  São dois milhões e meio de diferença. Dá para achar. Mas o governo, a campanha e todos nós temos que correr muito atrás.",3.214,search,2026-10-05 00:33:34.058+00,,,,at://did:plc:oc4si44e3guociehta4ehw3c/app.bsky.feed.post/3mx3o65ikic2r
62,https://bsky.app/profile/did:plc:jn65s7pqww2xtmlq7fy63rvc/post/3mx3imvnlos2l,TSE fez pausa pra hidratação?,1.445,search,2026-10-04 22:54:26.703+00,,,,at://did:plc:jn65s7pqww2xtmlq7fy63rvc/app.bsky.feed.post/3mx3imvnlos2l
63,https://bsky.app/profile/did:plc:bqs3wccpuoo4x5m6ut6rsnti/post/3mx3jmgcrsk2v,Principalmente vindo de uma pandemia recente onde a gerência estatal foi mega negligente com a saúde pública,0.973,search,2026-10-04 23:12:04.362+00,,,,at://did:plc:bqs3wccpuoo4x5m6ut6rsnti/app.bsky.feed.post/3mx3jmgcrsk2v
64,https://bsky.app/profile/did:plc:glgufrohznv5ln75ch7cppg7/post/3mx3qf6tyhc2h,"Também nenhum presidente tinha perdido a reeleição. Até 2022, quando perdeu.",2.145,search,2026-10-05 01:13:17.849+00,,,,at://did:plc:glgufrohznv5ln75ch7cppg7/app.bsky.feed.post/3mx3qf6tyhc2h
65,https://bsky.app/profile/did:plc:tjpduyp4pwwfekvh7aap2nrv/post/3mx5j6azutk2l,"Cellbit hoje no Twitter. Um pouco atrasado, neh, achou q não ia precisar se posicionar de novo já q todo mundo já sabe, mas tá aí, sempre bom reforçar #OrdemParanormal",1.717,search,2026-10-05 18:09:28.541+00,,,,at://did:plc:tjpduyp4pwwfekvh7aap2nrv/app.bsky.feed.post/3mx5j6azutk2l
66,https://bsky.app/profile/did:plc:qu26rontw3p5odp3fwa7te64/post/3mx3nf6dqfs25,"Eu confio no nosso processo eleitoral. A gente tem impressão de voto contabilizado por urna, não tem fraude, parem com essa porra. A fraude foi a mídia.",2.534,search,2026-10-05 00:19:36.092+00,,,,at://did:plc:qu26rontw3p5odp3fwa7te64/app.bsky.feed.post/3mx3nf6dqfs25
67,https://bsky.app/profile/did:plc:omjclrgogoxwlgccdigcvopc/post/3mx3zj3bfd22c,Atual prefeito de Fortaleza que derrotou o raspaku que chegou ao segundo turno com 49% dos votos válidos.,0.896,search,2026-10-05 03:56:31.989+00,,,,at://did:plc:omjclrgogoxwlgccdigcvopc/app.bsky.feed.post/3mx3zj3bfd22c
